CarID,ColorName
1932,--
3438,--
1973,Bianco Gara
1973,Bianco Iridato
1973,Grigio Campovolo
1973,Nero Scorpione
1973,Rosso Officina
3546,--
3415,CN.422030
1645,CN.AR750106
3530,Azzurro Spazio
3530,Bianco Spino
3530,Blu Cobalto
3530,Bluette
3530,Giallo Ocra
3530,Grigio Grafite
3530,Nero
3530,Rosso Alfa
3530,Verde Muschio
3530,Verde Pino
365,Red
1578,Alfa Red
1578,Black
1578,Competizione Red
1578,Racing Yellow
1933,Alfa Red
1933,Bianco Spino
1933,Etna Black
2136,Carrara White
2136,Rosso Alfa
3411,Bianco Trofeo
3411,Rosso GTA
3411,Verde Montreal
3185,--
3185,Variation
2166,-- [Blue]
2166,-- [Green]
2166,-- [Red]
3299,Bianco Alfa
3299,Bianco trofeo
3299,Giallo Prototipo
3299,Gran Turismo Silver
3299,Grigio Stromboli
3299,Nero Alfa
3299,Rosso Alfa
3299,Rosso Competizione
3457,--
1796,Bleu Alpine
2112,Ceramic Black
2112,Crystal White
2116,Summit Blue
3187,Summit Blue
3337,Blanc Solaire
3337,Bleu Alpine
3337,Noire Profond
3388,--
1507,AMG Alubeam Silber
1507,AMG Daytona Blau
1507,AMG Imola Grau
1507,AMG Le Mans Rot
1507,AMG Monza Grau Magno
1507,Designo Magno Alanitgrau
1507,Designo Mystic Weiss 2
1507,Iridiumsilber
1507,Obsidianschwarz
1797,--
2055,Vision Gran Turismo AMG Alubeam Silver
2055,Vision Gran Turismo Black Matt
2055,Vision Gran Turismo Dark Silver Gloss
2170,Cirrus White
2170,Cosmos Black
2170,Designo Mountain Grey Magno
2170,Jupiter Red
2170,Monolith Grey
2170,Mountain Grey
2170,Night Black
2170,Northern Lights Violet
2170,Polar Silver
2170,South Sea Blue
2170,Universe Blue
2076,Crystal Lauritsilver
2076,Diamantweiss Metallic
2076,Elbaitgrün Metallic
2076,Mountaingrau Metallic
2076,Obsidianschwarz Metallic
2076,Saphirrot Metallic
2076,Südseeblau Metallic
2076,Sunburst Orange Metallic
2149,AMG Solarbeam
2149,Black
2149,Brilliant Blue
2149,Diamond White Bright
2149,Fire Opal
2149,Hyacinth Red Metallic
2149,Iridium Silver
2149,Iridium Silver Mat
2149,Magnetite Black
2149,Selenite Grey
2149,Selenite Grey Mat
3458,Brilliant Blue Metallic
3458,Diamond White Metallic
3458,Iridium Silver Metallic
3458,Obsidian Black Metallic
3458,Polar White
3458,Selenite Grey Metallic
3224,AMG-Team HTP-Motorsport
3224,Variation
3416,AMG Green Hell Mat
3416,Black
3416,Brilliant Blue
3416,Brilliant Blue Mat
3416,Diamond White Bright
3416,Graphite Grey Mat
3416,Hyacinth Red Metallic
3416,Iridium Silver
3416,Jupiter Red
3416,Magnetite Black
3416,Selenite Grey
3416,Selenite Grey Mat
3485,AMG Green Hell Magno
3485,AMG Magmabeam
3485,Black
3485,Cirrus Silver Metallic
3485,designo Brilliant Blue Magno
3485,designo Diamond White
3485,designo Graphite Grey Magno
3485,designo Selenite Grey Magno
3485,Obsidian Black Metallic
3485,Selenite Grey Metallic
3531,--
3192,-- [AMG Alubeam Silber]
3192,-- [Designo Mystic Weiss 2]
3192,-- [Matte Gray]
3192,-- [Yellow]
3210,-- [Orange]
3210,-- [Red]
3210,-- [Silver]
1433,Berlina Black
1433,Grand Prix White
1433,Indy Yellow Pearl
1433,Lime Green Metallic
1433,Midnight Pearl
1433,Monte Carlo Blue Pearl
1433,Monza Red Pearl
1433,New Formula Red
1433,New Imola Orange Pearl
1433,Nurburgring Blue Metallic
1433,Platinum White Pearl
1433,Premium White Pearl
1433,Sebring Silver Metallic
1433,Silverstone Metallic
1549,White Pearl
3363,CN.1
3445,California Sage
3445,Caribbean Pearl
3445,Dubonnet
3445,Goodwood Green
3445,Midnight Blue
3445,Pacific Blue
3445,Pale Primrose
3445,Platinum Gray
3445,Sierra Blue
3445,Silver Birch
3394,--
1898,Black Pearl
1898,Bridgewater Bronze
1898,Spirit Grey
1898,Villa D'Este Blue
1898,Volcano Red
1898,White Pearl
2131,--
2131,Variation
2103,Alloro Green
2103,Alloro Green / Racing Yellow
2103,Crimson Ruby
2103,Crimson Ruby / Stripe
2103,Electric Blue
2103,Electric Blue / Stripe
2103,Iced Grey
2103,Iced Grey / Stripe
2103,Liquid Silver
2103,Liquid Silver / Stripe
2103,Ocellus Teal
2103,Ocellus Teal / Stripe
2103,Platinum White
2103,Platinum White / Racing Orange
2175,Appletree Green
2175,Arizona Bronze
2175,China Grey
2175,Cobalt Blue
2175,Concours Blue
2175,Diavolo Red
2175,Divine Red
2175,Hammerhead Silver
2175,Hardly Green
2175,Jet Black
2175,Kopi Bronze
2175,Lightning Silver
2175,Madagascar Orange
2175,Mako Blue
2175,Mariana Blue
2175,Marron Black
2175,Meteorite Silver
2175,Midnight Blue
2175,Morning Frost White
2175,Ocellus Teal
2175,Onyx Black
2175,Quantum Silver
2175,Sea Storm
2175,Selene Bronze
2175,Silver Blonde
2175,Silver Fox
2175,Skyfall Silver
2175,Stratus White
2175,Sunburst Yellow
2175,Tungsten Silver
2175,Volcano Red
2175,Yellow Tang
3309,Dark Craft
3309,Helios
3309,Legacy
3309,Nebula
3309,Odyssey
3343,Appletree Green
3343,Arden Green
3343,Arizona Bronze
3343,China Grey
3343,Cinnabar Orange
3343,Cobalt Blue
3343,Concours Blue
3343,Diavolo Red
3343,Divine Red
3343,Frosted Glass Blue
3343,Hammerhead Silver
3343,Hardly Green
3343,Jet Black
3343,Kopi Bronze
3343,Lightning Silver
3343,Lunar White
3343,Madagascar Orange
3343,Magnetic Silver
3343,Mariana Blue
3343,Marron Black
3343,Midnight Blue
3343,Morning Frost White
3343,Ocellus Teal
3343,Onyx Black
3343,Quantum Silver
3343,Sea Storm
3343,Selene Bronze
3343,Silver Blonde
3343,Silver Fox
3343,Skyfall Silver
3343,Stratus White
3343,Sunburst Yellow
3343,Ultramarine Black
3343,Volcano Red
3343,Yellow Tang
3532,Ethanol Silver
3532,Liquid Petroleum
3532,Maximum Orange
3532,Slipstream Green
2157,-- [Black]
2157,-- [Blue]
2157,-- [Green/Lime]
2157,-- [Green/Orange]
2157,-- [Green/Red]
2157,-- [Silver]
1927,--
959,Almond Beige Metallic
959,Berry Pearl Effect
959,Brilliant Black
959,Brilliant Red
959,Cherry Black Pearl Effect
959,Citrus Yellow
959,Dolomite Grey Pearl Effect
959,Ebony Black Pearl Effect
959,Elder Berry Pearl Effect
959,Glacier Blue Pearl Effect
959,Goodwood Green Pearl Effect
959,Mauritius Blue Pearl Effect
959,Moro Blue Pearl Effect
959,Murano Green Pearl Effect
959,Papaya Orange
959,Silver Metallic
959,Silver Violet Metallic
959,Sprint Blue Pearl Effect
959,Venetian Violet Pearl Effect
1365,Brillantrot / Brillantrot
1365,Daytonagrau Perleffekt / Quarzgrau Metallic
1365,Eissilber Metallic / Apollosilber Metallic
1365,Eissilber Metallic / Carbon Sigma
1365,Ibisweiß / Eissilber Metallic
1365,Jetblau Metallic / Eissilber Metallic
1365,Monterreygrün Perleffekt / Tiefgrün Perleffekt
1365,Mugelloblau Perleffekt / Nachtblau Perleffekt
1365,Phantomschwarz Perleffekt / Lavagrau Perleffekt
1365,Phantomschwarz Perleffekt / Oxygensilber
1541,Brillant Black
1541,Brillant Red
1541,Condor Grey Metallic
1541,Deep Sea Blue Pearl Effect
1541,Ibis White
1541,Ice Silver Metallic
1541,Imola Yellow
1541,Meteor Grey Pearl Effect
1541,Phantom Black Pearl Effect
1541,Sahara Silver Metallic
1541,Solar Orange
1541,Sprint Blue Pearl Effect
1965,Audi Sport Team Joest
2169,Brilliant Black
2169,Daytona Grey Pearl Effect
2169,Floret Silver Metallic
2169,Glacier White Metallic
2169,Ibis White
2169,Monsoon Grey Metallic
2169,Mythos Black Metallic
2169,Nano Grey Metallic
2169,Sepang Blue Pearl Effect
2169,Tango Red Metallic
2169,Vegas Yellow
2143,Audi Sport Team WRT
3298,--
3334,Audi Sport Team Joest No.7
3334,Audi Sport Team Joest No.8
3412,Camouflage Green Matt
3412,Camouflage Green Metallic
3412,Daytona Grey Pearl Effect
3412,Dynamite Red
3412,Floret Silver Metallic
3412,Ibis White
3412,Macaw Blue Crystal
3412,Mythos Black Metallic
3412,Suzuka Grey Metallic
3412,Tango Red Metallic
3412,Vegas Yellow
3314,--
3351,--
3523,Audi Sports Team Rosberg
3405,Silver with black and red
3442,Avorio
3442,Azzuro Antibes
3442,Azzuro Chiaro
3442,Azzuro Metallizzato
3442,Bianco Saratoga
3442,Bleu Lancia
3442,Bordeaux
3442,Grigio Metallizzato
3442,Marrone Metallizzato
3442,Nero
3442,Rosso Corsa
3442,Rosso Metallizzato
3442,Turchese
3442,Verde Metallizzato
3409,Black Metallic
3409,Gitanes Blue Pearl Metallic
3409,Green Pearl Metallic
3409,Gun Metal Grey Metallic
3409,Orange Pearl Metallic
3409,Raptor Grey
3409,Red Pearl Metallic
3409,Robot White
3409,Seal Grey
3409,Titanium Metallic
3409,White Pearl Metallic
3409,Yellow Pearl Metallic
3454,Agave
3454,Atlantik
3454,Baical Metallic
3454,Ceylon Metallic
3454,Chamonix
3454,Colorado
3454,Fjord Metallic
3454,Golf
3454,Inka
3454,Malaga
3454,Polaris Metallic
3454,Sahara
3454,Schwarz
3454,Taiga Metallic
3454,Turquoise Metallic
3454,Verona
3422,Agave
3422,Atlantik
3422,Baical Metallic
3422,Ceylon Metallic
3422,Chamonix
3422,Chamonix Limited Edition
3422,Colorado
3422,Fjord Metallic
3422,Golf
3422,Inka
3422,Malaga
3422,Polaris Metallic
3422,Polaris Metallic Limited Edition
3422,Sahara
3422,Schwarz
3422,Taiga Metallic
3422,Turquoise Metallic
3422,Verona
3344,Brilliant Red
3344,Jet Black
3453,Alpine White
3453,Cinnabar Red
3453,Jet Black
3453,Salmon Silver Metallic
216,--
3551,Alpine White
3551,Arctic Silver
3551,Boston Green
3551,Bright Red
3551,Dakar Yellow II
3551,Estoril Blue
1893,Rot
1893,Schwarz
1893,Stratusgrau
1893,Titansilber
1893,Topasblau
655,Alpinweiß
655,Hellrot
655,Maledivenblau Metallic
655,Merlotrot Metallic
655,Olivin Metallic
655,Saphirschwarz Metallic
655,Schwarz
655,Sterlinggrau Metallic
655,Titansilber Metallic
655,Toledoblau Metallic
3389,Alpinweiß
3389,Carbonschwarz
3389,Imolarot
3389,Lagunaseca Blau
3389,Mysticblau
3389,Oxfordgrün
3389,Phoenixgelb
3389,Schwarz
3389,Silbergrau
3389,Stahlgrau
3389,Titansilber
3389,Topasblau
1399,Alpinweiß
1399,Interlagos Blau Metallic
1399,Jerez Schwarz Metallic
1399,Melbourne Rot Metallic
1399,Schwarz
1399,Silverstone II Metallic
1399,Spacegrau Metallic
1399,Sparkling Graphite Metallic
1902,--
1904,BMW Motorsport
2074,Alpine White
2074,Austin Yellow
2074,Black Sapphire
2074,Mineral Gray
2074,Mineral White
2074,Sakhir Orange
2074,Silverstone
2074,Yas Marina Blue
2087,Black Sapphire
2087,Mineral White
3266,Andesite Silver Metallic
3266,Arravani Grey
3266,Capparis White
3266,Ionic Silver Metallic
3266,Laurel Grey
3266,Solar Orange Metallic
3218,Walkenhorst Motorsport
3221,M Power Livery
3221,Variation
3483,Alpine White
3483,Black Sapphire
3483,Hockenheim Silver
3483,Long Beach Blue
3483,Sunset Orange
3209,Alpine White
3209,Austin Yellow
3209,Red
3209,Sakhir Orange
3209,Yas Marina Blue
3245,-- [Black]
3245,-- [Blue]
3245,-- [Orange]
3245,-- [Silver]
3245,-- [Yellow]
2049,Beige Gold M / Black Blue M
2049,Black Carbon
2049,Black M / Black M
2049,Blue M / Black Blue M
2049,Bright Silver M / Lemon
2049,Bronze M / Brown M
2049,Bugatti Chiron '16
2049,Bugatti Light Blue / Bugatti Dark Blue
2049,Dark Blue Carbon
2049,Deep Red M / Chocolate M
2049,Gold Metallic / Black Carbon
2049,Gray / Silver Gold M
2049,Gray Gold M / Gray Green M
2049,Gray Metallic / Italien Red
2049,Gray Violet M / Violet M
2049,Green M / Ebony M
2049,Hazelnut M / Walnut M
2049,Light Blue Green M / Dark Blue Green M
2049,Light Blue M / Gray Blue M
2049,Light Blue Paint / Black Carbon
2049,Light Gold M / Silver M
2049,Light Green M / Dark Green M
2049,Light Red M / Dark Red M
2049,Pearl M / Gold M
2049,Pearl M / Polar M
2049,Red M / Black M
2049,Red Paint / Black Paint
2049,Silver Gray M / Mocca Brown M
2049,Silver M / Dark Blue M
2049,Sterling M / Graphite M
2049,Titanium Gray M / Black M
2049,White / Orange M
2049,White / Soft Silver M
2049,White Coffee / Black
2049,White Paint / Light Blue Paint
2049,White Paint / Red Carbon
2049,White Silver M / Gray Silver M
2049,Yellow Paint / Black Paint
2134,Black carbon
2134,Dark blue carbon
2134,Glossy light gray / Black carbon
2134,Light blue paint / Dark blue carbon
2134,Matt gray / Black carbon
2134,Matt green / Black carbon
2134,Red carbon / Black carbon
2134,Yellow paint / Black carbon
2179,Black carbon
2179,Dark blue carbon
2179,Glossy light gray / Black carbon
2179,Light blue paint / Dark blue carbon
2179,Matt gray / Black carbon
2179,Matt green / Black carbon
2179,Red carbon / Black carbon
2179,Yellow paint / Black carbon
3473,Black Carbon
3473,Dark Blue Carbon
3473,Gold Metallic / Black Carbon
3473,Light Blue Paint / Black Carbon
3473,Red Paint / Black Paint
3473,White Paint / Light Blue Paint
3473,White Paint / Red Carbon
3473,Yellow Paint / Black Paint
3246,-- [Blue]
3246,-- [Orange]
3246,-- [Red]
3246,-- [Silver]
3541,--
1069,--
2107,Ghost White
2107,Phantom Black
3464,Charcoal
3464,Inca Silver
3464,Panama Yellow
3464,Regal Turquoise
3464,Signet Red
3464,Silver Blue Old
3464,Snowcrest White
3464,Tuxedo Black
2059,--
818,Adobe Beige
818,Autumn Gold Metallic
818,Azure Aqua Metallic
818,Cordovan Brown Metallic
818,Daytona Blue
818,Daytona Blue Metallic
818,Ember Red
818,Ermine White
818,Ermine White
818,Ivy Green Metallic
818,Laurel Green Metallic
818,Marine Aqua Metallic
818,Monaco Blue Metallic
818,Palomar Red Metallic
818,Riverside Red
818,Saddle Tan
818,Saddle Tan Metallic
818,Satin Silver Metallic
818,Sebring Silver Metallic
818,Silver Blue
818,Silver Blue Metallic
818,Tuxedo Black
818,Tuxedo Black
31,Azure Turquoise Metallic
31,Burgundy Metallic
31,Burnished Brown Metallic
31,Butternut Yellow
31,Champagne Gold Metallic
31,Cortez Silver Metallic
31,Daytona Yellow
31,Dover White
31,Dusk Blue Metallic
31,Fathom Blue Metallic
31,Fathom Green Metallic
31,Forest Green Metallic
31,Garnet Red
31,Glacier Blue Metallic
31,Hugger Orange
31,Le Mans Blue Metallic
31,Olympic Gold Metallic
31,Rallye Green Metallic
31,Tuxedo Black
41,Burgundy Metallic
41,Can-Am White
41,Cortez Silver Metallic
41,Daytona Yellow
41,Fathom Green Metallic
41,Le Mans Blue Metallic
41,Monaco Orange
41,Monza Red
41,Riverside Gold Metallic
41,Tuxedo Black
1542,Burgundy Metallic
1542,Can-Am White
1542,Cortez Silver Metallic
1542,Daytona Yellow
1542,Fathom Green Metallic
1542,Le Mans Blue Metallic
1542,Monaco Orange
1542,Monza Red
1542,Riverside Gold Metallic
1542,Tuxedo Black
36,Astro Blue Metallic
36,Autumn Gold Metallic
36,Black Cherry Metallic
36,Champagne Gold Metallic
36,Classic White
36,Cortez Silver Metallic
36,Cranberry Red
36,Desert Sand Metallic
36,Fathom Blue Metallic
36,Forest Green Metallic
36,Gobi Beige
36,Green Mist Metallic
36,Misty Turquoise Metallic
36,Shadow Gray Metallic
36,Tuxedo Black
942,Black
942,Bright Red
942,Charcoal Metallic
942,Competition Yellow
942,Dark Red Metallic
942,Polo Green Metallic
942,Quasar Blue Metallic
942,Steel Blue Metallic
942,Turquoise Metallic
942,White
1480,Atomic Orange Metallic Tintcoat
1480,Black
1480,Blade Silver Metallic
1480,Cyber Gray Metallic
1480,Jetstream Blue Metallic Tintcoat
1480,Le Mans Blue Metallic
1480,Velocity Yellow Tintcoat
1480,Victory Red
1916,Arctic White
1916,Blade Silver Metallic
1916,Crystal Red Tintcoat
1916,Cyber Gray Metallic
1916,Laguna Blue Tintcoat
1916,Lime Rock Green
1916,Night Race Blue Metallic
1916,Torch Red
1916,Velocity Yellow Tintcoat
3217,Black
3217,Blue Velvet Metallic
3217,Bright Yellow
3217,Garnet Red Tintcoat
3217,Hyper Blue Metallic
3217,Mosaic Black Metallic
3217,Nightfall Gray Metallic
3217,Red Hot
3217,Silver Ice Metallic
3217,Summit White
3387,Black
3387,Garnet Red Tintcoat
3387,Hyper Blue Metallic
3387,Mosaic Black Metallic
3387,Nightfall Grey Metallic
3387,Red Hot
3387,Silver Ice Metallic
3387,Summit White
3449,Arctic White
3449,Black
3449,Blade Silver Metallic
3449,Ceramic Matrix Gray Metallic
3449,Corvette Racing Yellow Tintcoat
3449,Elkhart Lake Blue Metallic
3449,Long Beach Red Metallic Tintcoat
3449,Sebring Orange Tintcoat
3449,Shadow Gray Metallic
3449,Touch Red
3518,Accelerate Yellow
3518,Arctic White
3518,Black
3518,Blade Silver Metallic
3518,Ceramic Matrix Gray Metallic
3518,Eikhart Lake Blue Metallic
3518,Long Beach Red Metallic Tintcoat
3518,Rapid Blue
3518,Sebring Orange Tintcoat
3518,Shadow Gray Metallic
3518,Torch Red
3518,Zeus Bronze
2183,--
3247,-- [Blue]
3247,-- [Silver]
3247,-- [White]
3247,-- [Yellow]
3296,Arctic White
3296,Crystal Red Tintcoat
3296,Cyber Gray Metallic
3296,Gran Turismo Silver
3296,Laguna Blue Tintcoat
3296,Lime Rock Green
3296,Night Race Blue Metallic
3296,Torch Red
3296,Velocity Yellow Tintcoat
3338,--
3514,Beige Agate
3514,Blanc Meije
3514,Bleu Danube
3514,Bordeaux
3514,Gris Brumaire
3514,Noir
3514,Vert Muscinee
1581,Black
1581,White
2190,-- [Black]
2190,-- [Blue]
2190,-- [Cherry Red]
2190,-- [Red]
2190,-- [White]
2190,-- [Yellow]
2190,Variation
3248,-- [Black]
3248,-- [Blue]
3248,-- [Red]
3248,-- [Silver]
3248,-- [White]
3248,-- [Yellow]
145,Black Mica
145,Bright Silver Metallic
145,Dark Blue Mica Metallic
145,Dark Green Mica
145,Jaune Yellow
145,Pearl White I
145,Shining Red
145,White
3316,Blue
3316,Grey Gunmetal
3316,Lime Green
3316,Red
3316,Yellow
3437,Black
3437,Blue Metallic
3437,Green Metallic
3437,Orange
3437,Red
3437,Silver
3437,Titanium
3437,White
3437,Yellow
3341,Aqua Green Metallic
3341,Beige Metallic
3341,Bronze Metallic
3341,Lime
3341,Medium Blue
3341,Medium Green
3341,Red
3341,Silver Metallic
3341,White
3341,Yellow
3505,--
1027,--
3538,Beige
3538,Black
3538,Bright Blue Metallic
3538,Bronze Metallic
3538,Burgundy Metallic
3538,Dark Blue Metallic
3538,Dark Turquoise Metallic
3538,Hemi-Orange
3538,Light Blue Metallic
3538,Light Green Metallic
3538,Medium Gold Metallic
3538,Medium Green Metallic
3538,Medium Tan Metallic
3538,Racing Green Metallic
3538,Red
3538,Silver Metallic
3538,White
3538,Yellow
1543,Banana
1543,Beige
1543,Black
1543,Bright Blue Metallic
1543,Bright Red
1543,Cream
1543,Dark Blue Metallic
1543,Dark Green Metallic
1543,Dark Tan Metallic
1543,Go Mango
1543,Green Go
1543,Hemi-Orange
1543,Light Blue Metallic
1543,Light Gold Metallic
1543,Light Green Metallic
1543,Panther Pink
1543,Plum Crazy
1543,Silver Poly
1543,Sublime
1543,White
3377,Banana
3377,Beige
3377,Black
3377,Bright Blue Metallic
3377,Bright Red
3377,Cream
3377,Dark Blue Metallic
3377,Dark Burnt Orange Metallic
3377,Dark Green Metallic
3377,Dark Tan Metallic
3377,Go-Mango
3377,Hemi-Orange
3377,Light Blue Metallic
3377,Light Gold Metallic
3377,Light Green Metallic
3377,Plum Crazy
3377,Sublime
3377,White
1373,Graphite Gray Metallic
1373,Graphite Grey Metallic / White Metallic Stripes
1373,Viper Race Yellow
1373,Viper Race Yellow / Black Stripes
1373,Viper Red
1373,Viper Red / White Stripes
1402,Copperhead Orange Satin
1402,Copperhead Orange Satin / Silver Stripes
1402,Stone White
1402,Viper Black
1402,Viper Black / Red Stripes
1402,Viper Black / Silver Stripes
1402,Viper GTS Blue
1402,Viper GTS Blue / Silver Stripes
1402,Viper Race Yellow
1402,Viper Red / Silver Stripes
1402,Viper State Crystal
1402,Viper State Crystal / Silver Stripes
1956,Adrenaline Red
1956,Black Venom
1956,Bright White Clear Coat
1956,GTS Blue Pearl
1956,Gunmetal Pearl
1956,Race Yellow Clear Coat
1956,Shadow Blue Pearl
1956,Stryker Red Tinted Pearl
2152,B5 Blue Pearl
2152,Billet Silver Metallic
2152,Bright White Clear Coat
2152,Granite Crystal Metallic
2152,Ivory Tri Coat Pearl
2152,Jazz Blue Pearl
2152,Maximum Steel Metallic
2152,Pitch Black
2152,Plum Crazy
2152,Redline Red Tri-Coat Pearl
2152,Torred
3223,--
3223,Variation
3486,B5 Blue
3486,Billet
3486,Destroyer Grey
3486,F8 Green
3486,Go Mango
3486,Granite
3486,Indigo Blue
3486,Maximum Steel
3486,Octane Red
3486,Pitch Black
3486,Plum Crazy
3486,Red Line
3486,Tor Red
3486,White Knuckle
3486,Yellow Jacket
2108,Black / Adrenaline Red
2108,Black / Race Yellow
2108,Black / Venom Green
2108,Carbon Prototype
2108,Davil Blue / Carbon Details
2108,Gun Metal / Spitfire Orange
2108,Liquid Silver / Adrenaline Red
2108,Liquid Silver / Crush Orange
2108,Spitfire Orange / Carbon Details
2108,White / Adrenaline Red
2108,White / Liquid Silver / Adrenaline Red
2108,White / Venom Green
2110,#91 Car Livery
2110,#93 Car Livery
2111,Adrenaline Red - Carbon Stripes
2111,Adrenaline Red
2111,Black Paint - Carbon Hood
2111,GTS Blue - White Stripes
2111,GTS Blue
2111,Pearl White - Carbon Hood
2111,Pearl White
2111,Race Yellow - Carbon Hood
2111,Stryker Red - Carbon Hood
2111,Venom Green - Carbon Hood
3188,#91 Car Livery
3188,#93 Car Livery
3249,-- [Black]
3249,-- [Blue]
3249,-- [Red]
3406,--
2172,Blance Banquise
2172,Noire Obsidian
3346,--
2011,CN.0422MD
1931,CN.2521
2010,CN.3729GT
1551,--
1895,Amaranto Bull Lea
1895,Amaranto Ferrari
1895,Arancio Vaguely
1895,Argento Auteuil
1895,Avorio Le Tetrarch
1895,Azzurro Hyperion
1895,Bianco Polo Park
1895,Blu Caracalla
1895,Blu Chiaro Metallizzato
1895,Blu Dino Metallizzato
1895,Blu Ferrari
1895,Blu Ortis
1895,Blu Ribot
1895,Blu Scuro
1895,Blu Sera Metallizzato
1895,Blu Tourbillon
1895,Celeste Gainsborough
1895,Celeste Metallizzato
1895,Giallo Argento
1895,Giallo Fly
1895,Giallo My Swallow
1895,Grigio Argento
1895,Grigio Le Sancy
1895,Grigio Mahmoud
1895,Grigio Orthello
1895,Marrone Colorado
1895,Marrone Dino Metallizzato
1895,Nero
1895,Nero Dark Ronald
1895,Nocciola Metallizzato
1895,Oro Chiaro Met
1895,Oro Kelso
1895,Oro Nashrullah
1895,Rosso Chiaro
1895,Rosso Cina 'Duce'
1895,Rosso Cordoba Metallizzato
1895,Rosso Dino
1895,Rosso Ferrari
1895,Rosso Nearco
1895,Rosso Rubino
1895,Rosso Sir Ivor
1895,Turchese Molvedo
1895,Verde Medio Metallizzato
1895,Verde Medio Nijinsky
1895,Verde Pino Blenheim
1895,Verde Pino Metallizzato
1895,Verde Seabird
1895,Viola Dino Metallizzato
2018,Bianco Polo Park
2018,Blu Scuro
2018,Giallo Argento
2018,Nero
2018,Rosso Chiaro
3443,Argento Auteuil Metallizzato
3443,Azzurro Dino
3443,Azzurro Metallizzato
3443,Bianco Polo Park
3443,Blu Montecarlo
3443,Blu Scuro Dino
3443,Nero
3443,Nuovo Giallo Fly
3443,Rosso Corsa
3443,Verde Germoglio
3443,Verde Medio
1410,Argento Auteuil Metallizzato
1410,Azzurro Dino
1410,Azzurro Metallizzato
1410,Bianco Polo Park
1410,Blu Dino
1410,Blu Montecarlo
1410,Blu Scuro Dino
1410,Blu Sera
1410,Giallo Dino
1410,Giallo Senape
1410,Grigio Ferro
1410,Marrone Dino Metallizzato
1410,Nero
1410,Nuovo Giallo Fly
1410,Oro Chiaro
1410,Rosso Chiaro
1410,Rosso Dino
1410,Rosso Rubino
1410,Verde Germoglio
1410,Verde Medio
1410,Verde Pino Metallizzato
2017,Rosso Corsa
3434,Argento Metallizzato
3434,Azzuro Metallizzato
3434,Bianco
3434,Blu Chiarro Metallizato
3434,Blu Medio Metallizato
3434,Blu Sera Metallizato
3434,Giallo
3434,Grigio Metallizzato
3434,Marrone Metallizzato
3434,Nero
3434,Nero Metallizzato
3434,Oro Chiaro Metallizzato
3434,Prugna
3434,Rosso Corsa
3434,Rosso Metallizzato
3434,Verde Chiario Metallizzato
3434,Verde Scuro
1409,Rosso Corsa
3362,Argento Nurburgring
3362,Giallo Modena
3362,Nero Daytona
3362,Rosso Barchetta
3362,Rosso Corsa
1474,Bianco Avus
1474,Nero
1474,Nero Daytona WB
1474,Rosso Corsa
1474,Rosso Mugello
1474,Rosso Scuderia
1474,Rubino Micalizzato
1378,Argento Nürburgring
1378,Bianco Avus
1378,Blu Mirabeau
1378,Blu NART
1378,Blu Tour de France
1378,Giallo Modena
1378,Grigio Alloy
1378,Grigio Silverstone
1378,Grigio Titanio
1378,Nero
1378,Nero Daytona WB
1378,Nuovo Blu Pozzi
1378,Nuovo Grigio Ingrid
1378,Rosso Corsa
1378,Rosso Monza
1378,Rosso Scuderia
1378,Rubino Micalizzato
1544,Argento Nürburgring
1544,Bianco Avus
1544,Blu Abu Dhabi
1544,Blu Mirabeau
1544,Blu Pozzi
1544,Blu Tour de France
1544,Giallo Modena
1544,Grigio Alloy
1544,Grigio Ingrid
1544,Grigio Silverstone
1544,Grigio Titanio
1544,Nero Daytona
1544,Nero
1544,Rosso Corsa
1544,Rosso Mugello
1544,Rosso Scuderia
1504,Argento Nürburgring
1504,Avio Metallizzato
1504,Avorio
1504,Azzurro Metallizzato
1504,Bianco Avus
1504,Blu Abu Dhabi
1504,Blu Mirabeau
1504,Blu Pozzi
1504,Blu Scozia
1504,Blu Tour de France
1504,Celeste Metallizzato
1504,Giallo Modena
1504,Grigio Alloy
1504,Grigio Ferro Metallizzato
1504,Grigio Ingrid
1504,Grigio Medio
1504,Grigio Scuro
1504,Grigio Silverstone
1504,Grigio Titanio
1504,Nero
1504,Nero Daytona
1504,Rosso Corsa
1504,Rosso Mugello
1504,Rosso Scuderia
1504,Verde
1504,Vinaccia
3267,Argento Nurburgring
3267,Bianco Avus
3267,Blu Abu Dhabi
3267,Blu Mirabeau
3267,Blu Pozzi
3267,Blu Tour De France
3267,Giallo Modena
3267,Grigio Alloy
3267,Grigio Ingrid
3267,Grigio Silverstone
3267,Grigio Titanio
3267,Nero
3267,Nero Daytona
3267,Rosso Corsa
3267,Rosso Mugello
3267,Rosso Scuderia
2158,--
2162,Giallo Modena
2162,Nero
2162,Rosso Corsa
3433,Bianco Avus
3433,Blue Tour
3433,Giallo Modena
3433,Nero Stellato
3433,Rosso Corsa
3469,Argento Nurburgring
3469,Avorio
3469,Bianco Avus
3469,Bianco Cervino
3469,Blu Abu Dhabi
3469,Blu Corsa
3469,Blu Pozzi
3469,Blu Scozia
3469,Blu Swaters
3469,Blu Tour de France
3469,Canna Di Fucile
3469,Giallo Modena
3469,Grigio Alloy
3469,Grigio Ferro
3469,Grigio Ingrid
3469,Grigio Scuro
3469,Grigio Silverstone
3469,Grigio Titanio
3469,Nero
3469,Nero Daytona
3469,Rosso Corsa
3469,Rosso Dino
3469,Rosso Fiorano
3469,Rosso Mugello
3469,Rosso Scuderia
3469,Verde British
3510,Spec.1
3510,Spec.2
3510,Spec.3
3510,Spec.4
3510,Spec.5
3263,-- [Black]
3263,-- [Red]
3263,-- [White]
3263,-- [Yellow]
1523,Avorio Antico
1523,Azzurro Acqua Marina
1523,Beige Sabbia
1523,Bianco
1523,Blu Medio
1523,Blu Scuro
1523,Grigio Medio
1523,Rosso Corallo
1523,Rosso Medio
1527,Bossa Nova White
1527,Mod Blue
1527,Pasodoble Red
3444,Roadster Black
1935,Black
1935,Cypress Green
1935,Navy Blue
1935,Red
1935,Red
1935,White
1935,Yellow
1565,Mark IV Red
3487,Black Jade
3487,Candyapple Red
3487,Raven Black
3487,Royal Maroon
3487,Wimbledon White
1729,Black
1729,Bright Blue Metallic
1729,Bright Red
1729,Dark Green Metallic
1729,Grabber Blue
1729,Grabber Green Metallic
1729,Grabber Lime
1729,Grabber Yellow
1729,Light Pewter Metallic
1729,Medium Yellow Gold
1729,White
3466,Black
3466,Moonstone Blue
3466,White
3555,Black
3555,Diamond White
3555,Mallard Green
3555,Pacifica Blue
3555,Polaris Grey
3555,Radiant Red
1426,Centennial White
1426,Centennial White / Bodyside Stripes
1426,Centennial White / Racing Stripes
1426,Mark II Black
1426,Mark II Black / Bodyside Stripes
1426,Mark II Black / Racing Stripes
1426,Mark IV Red
1426,Mark IV Red / Bodyside Stripes
1426,Mark IV Red / Racing Stripes
1426,Midnight Blue Metallic
1426,Midnight Blue Metallic / Bodyside Stripes
1426,Midnight Blue Metallic / Racing Stripes
1426,Quick Silver Metallic
1426,Quick Silver Metallic / Bodyside Stripes
1426,Quick Silver Metallic / Racing Stripes
1426,Speed Yellow
1426,Speed Yellow / Bodyside Stripes
1426,Speed Yellow / Racing Stripes
1426,Tungsten Gray
1426,Tungsten Gray / Bodyside Stripes
1426,Tungsten Gray / Racing Stripes
3336,Blue Flame Metallic
3336,Ingot Silver Metallic
3336,Molten Orange Metallic Tri-coat
3336,Oxford White
3336,Tuxedo Black Metallic
2138,Competition Orange
2138,Deep Impact Blue
2138,Guard
2138,Ingot Silver
2138,Magnetic
2138,Oxford White
2138,Race Red
2138,Ruby Red Tinted Clearcoat Metallic
2138,Shadow Black
2138,Triple Yellow
2145,Magnetic
2145,Oxford White
2145,Performance Blue
2145,Race Red
2145,Tangerine Scream
2145,Tuxedo Black
3391,Avalanche Grey
3391,Avalanche Grey / Black Red Stripes
3391,Avalanche Grey / White Red Stripes
3391,Competition Orange
3391,Competition Orange / Black White Stripes
3391,Competition Orange / White Black Stripes
3391,Deep Impact Blue
3391,Deep Impact Blue / Black Red Stripes
3391,Deep Impact Blue / White Black Stripes
3391,Liquid Blue
3391,Liquid Blue / Black White Stripes
3391,Liquid Blue / White Red Stripes
3391,Magnetic
3391,Magnetic / Black Red Stripes
3391,Magnetic / Black White Stripes
3391,Oxford White
3391,Oxford White / Black Red Stripes
3391,Oxford White / Blue Red Stripes
3391,Race Red
3391,Race Red / Black White Stripes
3391,Race Red / White Black Stripes
3391,Shadow Black
3391,Shadow Black / Black Red Stripes
3391,Shadow Black / White Red Stripes
3391,Triple Yellow
3391,Triple Yellow / Black Red Stripes
3391,Triple Yellow / Black White Stripes
3402,Frozen White
3402,Frozen White / Stripes
3402,Ingot Silver
3402,Ingot Silver / Stripes
3402,Liquid Blue
3402,Liquid Blue / Stripes
3402,Liquid Grey
3402,Liquid Grey / Stripes
3402,Liquid Red
3402,Liquid Red / Stripes
3402,Matte Black
3402,Matte Black / Stripes
3402,Shadow Black
3402,Shadow Black / Stripes
3402,Triple Yellow
3402,Triple Yellow / Stripes
3420,Liquid Blue
3420,Nitrous
3420,Race Red
3436,Ford Chip Ganassi Racing
1040,--
1425,--
2159,--
2164,-- [Orange]
2164,-- [Silver]
2164,-- [White]
2164,-- [Yellow]
3229,--
3264,--
3300,Competition Orange
3300,Deep Impact Blue
3300,Gran Turismo Silver
3300,Guard
3300,Magnetic
3300,Oxford White
3300,Race Red
3300,Ruby Red Tinted Clearcoat Metallic
3300,Shadow Black
3300,Triple Yellow
3526,--
3500,Alta White
3500,Bariloche Brown
3500,Blazing Red
3500,Bond Silver
3500,Capri Blue
3500,Cavendish Red
3500,Hallasan Green
3500,Lapis Blue
3500,Makalu Gray
3500,Makalu Gray Matte
3500,Racing Gray
3500,Savile Silver
3500,Tasman Blue
3500,Uyuni White
3500,Valencia Gold
3500,Verbier White
3500,Vik Black
3501,--
3502,--
3543,Magma
3544,--
2077,-- [Black]
2077,-- [Blue]
2077,-- [Dark Gray]
2077,-- [Gray]
2077,-- [Maroon]
2077,-- [White]
2077,-- [Yellow]
2078,-- [Blue]
2078,-- [Dark Gray]
2078,-- [Dark Orange]
2078,-- [Maroon]
2078,-- [Red]
2078,-- [White]
2078,-- [Yellow]
3374,--
2060,No.1
2060,No.2
2060,No.3
2060,No.4
2060,No.5
2060,No.6
2060,No.7
2060,No.8
2060,No.9
2060,No.10
2060,No.11
2060,No.12
2060,No.13
2060,No.14
2060,No.15
2060,No.16
2060,No.17
2060,No.18
2060,No.19
2060,No.20
2060,No.21
2060,No.22
2060,No.23
2060,No.24
2060,No.25
2060,No.26
2060,No.27
2060,No.28
2060,No.29
2060,No.30
2060,No.31
2060,No.32
3342,-- [#3]
3342,-- [#5]
3342,-- [#7]
3342,-- [#9]
3342,-- [#11]
3342,-- [#17]
3342,-- [#20]
3342,-- [#40]
3342,-- [#55]
3342,-- [#63]
3342,-- [#82]
3342,-- [#99]
3562,-- [#1]
3562,-- [#2]
3562,-- [#3]
3562,-- [#4]
3562,-- [#5]
3562,-- [#6]
3562,-- [#7]
3562,-- [#8]
3562,-- [#9]
3562,-- [#10]
3562,-- [#11]
3562,-- [#12]
3562,-- [#13]
3517,--
3364,--
3522,--
3525,--
135,Golden Yellow
135,Ivory White
135,Scarlet
3563,Flint Black Metallic
3563,New Polar White
3563,Rio Red
137,Blade Silver Metallic
137,Carnival Yellow
137,Creta White
137,Festival Red
293,Bay Leaf Green
293,Berlina Black
293,Championship White
293,Charlotte Green Pearl
293,Cranberry Red Pearl
293,Estoril Turquoise Pearl
293,Formula Red
293,Grand Prix White
293,Indy Yellow Pearl
293,Kaiser Silver Metallic
293,Monte Carlo Blue Pearl
293,Neutron White Pearl
293,Quasar Grey Pearl
293,Sebring Silver Metallic
37,Captiva Blue Pearl
37,Granada Black Pearl
37,Milano Red
37,Tahitian Green Pearl
688,Championship White
688,Granada Black Pearl
688,Milano Red
821,Championship White
821,Starlight Black Pearl
821,Vogue Silver Metallic
1689,-- [#1]
1689,-- [#2]
1689,-- [#3]
1689,-- [#4]
1689,-- [#5]
1689,-- [#6]
1689,-- [#7]
1689,-- [#8]
1689,-- [#9]
1689,-- [#10]
1689,-- [#11]
1689,-- [#12]
204,Championship White
204,Starlight Black Pearl
204,Sunlight Yellow
204,Vogue Silver Metallic
203,Championship White
203,Milano Red
203,Starlight Black Pearl
203,Vogue Silver Metallic
514,Ascari Red
514,Berlina Black
514,Grand Prix White
514,Imola Orange Pearl
514,Indy Gelb Pearl
514,Indy Yellow Pearl
514,Islander Green Metallic
514,Midnight Pearl
514,Monte Carlo Blue Pearl
514,New Formula Red
514,Phoenix Blue
514,Silverstone Metallic
514,Spa Yellow Pearl
140,Castrol Mugen
396,Berlina Black
396,Championship White
396,Grand Prix White
396,Indy Yellow Pearl
396,Monte Carlo Blue Pearl
396,New Formula Red
396,Sebring Silver Metallic
396,Silverstone Metallic
1510,EPSON
3370,Alabaster Silver Metallic
3370,Attract Yellow Pearl
3370,Brilliant Sporty Blue Metallic
3370,Crystal Black Pearl
3370,Light Beige Metallic
3370,Milano Red
3370,Premium White Pearl
3370,Tinted Silver Metallic
3370,Vivid Sky Blue Pearl
2156,Black / Red
2156,Blue / White
2156,Green / Brown Gold
2156,Grey / Light Green
2156,Matte Gunmetal / Orange
2156,Original white / red
2156,Red / White
2156,Silver / Yellow
2156,White / Blue
3214,Championship White
3214,Crystal Black Pearl
3357,Admiral Gray Metallic
3357,Carnival Yellow II
3357,Flame Red
3357,Premium Beach Blue Pearl
3357,Premium Mystic Night Pearl
3357,Premium Star White Pearl
3348,RAYBRIG N.YAMAMOTO
3348,RAYBRIG T.IZAWA
2121,Blue Pearl
2121,Burgundy Pearl
2121,Graphite Pearl
2121,Green Pearl
2121,Matte Silver
2121,Orange Pearl
2121,Red Pearl
2121,Silver Pearl
2121,White Pearl
2121,Yellow Pearl
3219,130R White
3219,Berlina Black
3219,Casino White Pearl
3219,Curva Red
3219,Nord Gray Metallic
3219,Nouvelle Blue Pearl
3219,Source Silver Metallic
3219,Valencia Red Pearl
3467,Sunlight Yellow II
3536,Championship White
3536,Crystal Black Pearl
3536,Flame Red
3536,Racing Blue Pearl
3536,Sonic Gray Pearl
3235,--
3235,Variation
3239,--
3251,-- [Black]
3251,-- [Red]
2051,Black Noir Pearl
2051,Grand Premio Gray
2051,Platinum Metallic
2051,Shoreline Drive Blue
2051,Tsukuba Red
2051,White Satin Pearl
3561,Abyss Black Pearl
3561,Atlas White Matte
3561,Atlas White
3561,Cyber Gray Metallic
3561,Ecotronic Gray Matte
3561,Ecotronic Gray Pearl
3561,Gravity Gold Matte
3561,Performance Blue Matte
3561,Performance Blue
3561,Soultronic Orange Pearl
2135,Devil Fury
2135,Midnight Stealth
2135,N Storm
2135,Starry Ghost
2180,Devil Fury
2180,Midnight Stealth
2180,N Storm
2180,Starry Ghost
2160,--
2160,Variation
2163,-- [Black]
2163,-- [Blue]
2163,-- [Red]
3234,--
2117,Active Green
2117,Anger Red
2117,Black Knight
2117,Deep Purple
2117,Flowing Coral
2117,Fusion Yellow
2117,Hoarfrost Aluminum
2117,Iridescent Silver
2117,Matt Purple
2117,Monte-Carlo Blue
2117,Racing Jade
2117,Razor White
2119,Mistica
2119,Notturno
2119,Pure
2119,Raw
2119,Stealth
2119,Techno
2120,Mistica
2120,Notturno
2120,Pure
2120,Raw
2120,Stealth
2120,Techno
3376,--
3361,Black
3361,British Racing Green
3361,Carmen Red
3361,Claret
3361,Cotswold Blue
3361,Cream
3361,Imperial Maroon
3361,Indigo Blue
3361,Mist Grey
3361,Opalescent Bronze Metallic
3361,Opalescent Dark Blue Metallic
3361,Opalescent Dark Green Metallic
3361,Opalescent Gunmetal
3361,Opalescent Silver Blue Metallic
3361,Opalescent Silver Grey Metallic
3361,Pearl Grey
3361,Sherwood Green
1553,--
1067,--
543,Daytona Black
543,LeMans Blue
543,Monza Red
543,Silverstone Green
543,Spa Silver
2146,Black Amethist
2146,British Racing Green
2146,Ebony
2146,Firesand
2146,Indigo Metallic
2146,Italian Racing Red
2146,Lunar Grey Metallic
2146,Polaris White
2146,Rhodium Silver
2146,Salsa
2146,Satellite Grey
2146,Stratus Grey
2146,Ultimate Black Metallic
3396,Arctic Avio
3396,Battleship Grey
3396,Cashmere
3396,Fuji White
3396,Liquid Silver
3417,Battleship Grey
3417,Fuji White
3479,Deacon Blue
3479,New Ark Green
2184,--
2184,Variation
3252,--
3430,Jeep OliveDrab
1907,Pearl Orange
1582,CN.0706
1484,Argento Luna
1484,Bianco Labrador
1484,Giallo Sole
1484,Nero Tenebre
1484,Rosso Siviglia
1484,Verde Countach
1481,Argento Luna
1481,Bianco Polo Park
1481,Candy Apple Blue
1481,Giallo Fly
1481,Nero Tenebre
1481,Rosso Siviglia
1990,Giallo Corona
1506,Bianco Monocerus
1506,Giallo Halys
1506,Nero Noctis
1545,Arancio Atlas
1545,Bianco Isis
1545,Blu Hera
1545,Giallo Evros
1545,Giallo Orion
1545,Grigio Antares
1545,Grigio Avlon
1545,Grigio Telesto
1545,Nero Aldebaran
1545,Nero Pegaso
1545,Verde Draco
1545,Verde Ithaca
1770,Arancio Argos
1770,Arancio Atlas
1770,Bianco Canopus
1770,Bianco Isis
1770,Blu Hera
1770,Giallo Evros
1770,Giallo Orion
1770,Grigio Antares
1770,Grigio Estoque
1770,Marrone Apus
1770,Nero Aldebaran
1770,Nero Nemesis
1770,Nero Pegaso
2147,Grey Metallic / Green Trim
2147,Grey Metallic / Red Trim
2147,Grey Metallic / White Trim
2171,Arancio Borealis
2171,Bianco Canopus
2171,Bianco Icarus
2171,Bianco Monocerus
2171,Blu Achelous
2171,Blu Caelum
2171,Giallo Horus
2171,Giallo Inti
2171,Grigio Admetus
2171,Grigio Lynx
2171,Grigio Nimbus
2171,Grigio Titans
2171,Marrone Alcestis
2171,Marrone Apus
2171,Nero Helene
2171,Nero Nemesis
2171,Nero Noctis
2171,Rosso Mars
2171,Verde Mantis
2177,--
2177,Variation
3392,Arancio Atlas
3392,Bianco Isis
3392,Nero Aldebaran
3392,New Giallo Orion
3392,Rosso Bia
3392,Verde Ithaca
3548,Bianco Icarus
3548,Bianco Monocerus
3548,Blu Astraeus
3548,Blu Eleos
3548,Giallo Auge
3548,Grigio Lynx
3548,Grigio Nimbus
3548,Nero Helene
3548,Nero Noctis
3548,Rosso Anteros
3548,Rosso Mars
3548,Verde Hebe
3414,Blu Nethuns
3414,Blu Tempesta
3414,Lime Green
3414,Military Green
3414,Orange Ink
3414,White Baloon
3253,-- [Black]
3253,-- [Blue]
3253,-- [Gray]
3253,-- [Red]
3253,-- [Silver]
533,Azzurro
533,Blu
533,Giallo Fly
533,Rosso Arancio Rally
533,Verde Chiaro
829,Bleu Lord
829,Blue Lagos Mica
829,Gialla
829,Lancia Dark Blue
829,Monza Red
829,Pearl White
829,White
829,York Green
1516,PETRONAS TOM'S
1562,Aqua
1562,Black
1562,Black Amethyst
1562,Brown Stone
1562,Crystal Gold
1562,Fresh Green
1562,Ivory White
1562,Lapis Lazuli
1562,Lavender
1562,Lime Green
1562,Matte Black
1562,Metallic Silver
1562,Mist Green
1562,Moss Green
1562,Orange
1562,Passionate Pink
1562,Pearl Blue
1562,Pearl Brown
1562,Pearl Gray
1562,Pearl Red
1562,Pearl White
1562,Pearl Yellow
1562,Red
1562,Sky Blue
1562,Slate Blue
1562,Starlight Black
1562,Steel Blue
1562,Steel Gray
1562,Sunset Orange
1562,Whitest White
2139,Black
2139,Heat blue contrast layering
2139,Lava orange crystal shine
2139,Mercury gray mica
2139,Radiant red contrast layering
2139,Sonic silver
2139,White nova glass flake
2123,VGT Brush stroke pattern
2123,VGT Version Blue
2123,VGT Version Red
2123,VGT Version White
3228,Emil Frey Racing
3349,au TOM'S D.ITO
3227,Amber Crystal Shine
3227,Black
3227,Dark Gray Mica
3227,Deep Blue Mica
3227,Garnet Red Mica
3227,Graphite Black Glass Flake
3227,Naples Yellow
3227,Sonic silver
3227,Sonic Titanium
3227,White nova glass flake
3340,Emil Frey Racing
3340,Variation
3340,ANEST IWATA Racing
3254,-- [Grey]
3254,-- [Orange]
3254,-- [White]
3489,CN.2078
3421,Arancione
3421,Argento Auteuil
3421,Bleu Sera Metallic
3421,Celeste Chiaro Metallic
3421,Giallo
3421,Nero
3421,Oro Longchamps Metallic
3421,Rosso Fuoco
1539,Argento Luna
1539,Bianco Eldorado
1539,Bianco Fuji
1539,Blu Malagò
1539,Blu Mediterraneo
1539,Blu Nettuno
1539,Blu Oceano
1539,Blu Sebring
1539,Bordeaux Pontevecchio
1539,Giallo Granturismo
1539,Grigio Alfieri
1539,Grigio Granito
1539,Grigio Nuvolari
1539,Grigio Palladio
1539,Grigio Touring
1539,Nero
1539,Nero Carbonio
1539,Rosso Mondiale
1539,Verde Goodwood
3533,Bianco Audace
3533,Blu Infinito
3533,Giallo Genio
3533,Grigio Mistero
3533,Nero Enigma
3533,Rosso Vincente
1975,Silver
201,Classic Red
201,Crystal White
201,Mariner Blue
201,Silver Stone Metallic
374,Blaze Red
374,Brave Blue Mica
374,Brilliant Black
374,Crystal White
374,Shadow Silver Mica
296,--
205,Brilliant Black
205,Innocent Blue Mica
205,Pure White
205,Titanium Gray Metallic
205,Vintage Red
3427,Aluminum Metallic
3427,Crystal White Pearl Mica
3427,Sparkling Black Mica
2118,Atmospheric White
2181,Atmospheric White
2148,Arctic White
2148,Blue Reflex Mica
2148,Ceramic Metallic
2148,Crystal White Pearl Mica
2148,Jet Black Mica
2148,Meteor Gray Mica
2148,Soul Red Premium Metallic
2173,Blue Reflex Mica
2173,Deep Crystal Blue Mica
2173,Jet Black Mica
2173,Meteor Gray Mica
2173,Snow Flake White Pearl Mica
2173,Sonic Silver Metallic
2173,Soul Red Premium Metallic
2173,Titanium Flash Mica
3383,Aluminum Metallic
3383,Blue Reflex Mica
3383,Deep Crystal Blue Mica
3383,Dynamic Blue Mica
3383,Jet Black Mica
3383,Meteor Grey Mica
3383,Smoky Rose Mica
3383,Snowflake White Pearl Mica
3383,Soul Red Premium Metallic
3383,Titanium Flash Mica
3495,Soul Red Crystal
3521,Deep Crystal Blue Mica
3521,Jet Black Mica
3521,Machine Gray Premium Metallic
3521,Polymetal Grey Metallic
3521,Snowflake White Pearl Mica
3521,Sonic Silver Metallic
3521,Soul Red Crystal Metallic
3521,Titanium Flash Mica
3419,Mazda Spirit Racing
3419,Mazda Spirit Racing (White)
3419,Polymetal Gray Metallic
3419,Soul Red Crystal
3512,Crystal White Pearl Mica
3512,Deep Crystal Blue Mica
3512,Jet Black Mica
3512,Machine Gray Premium Metallic
3512,Platinum Quartz Metallic
3512,Polymetal Gray Metallic
3512,Soul Red Crystal Metallic
3512,Mazda Spirit Racing
3512,Mazda Spirit Racing (White)
1746,Black / Silver
1746,Blue / White
1746,Dark Green / White
1746,Dark Green / Yellow
1746,Red / White
1746,Silver / Black
1746,White / Black
1746,Yellow / Black
3237,--
3256,Mazda Spirit Racing (White)
3256,Mazda Spirit Racing
3256,-- [Red]
3256,-- [White]
3306,Blue Reflex Mica
3306,Deep Crystal Blue Mica
3306,Gran Turismo Silver
3306,Jet Black Mica
3306,Meteor Grey Mica
3306,Snowflake White Pearl Mica
3306,Soul Red Premium Metallic
3306,Titanium Flash Mica
3537,Mazda Spirit Racing
3537,Mazda Spirit Racing (White)
3503,--
3475,--
1540,Base Silver
1540,Carbon Black
1540,Historic Orange
1540,Jet Black Metallic
1540,Magnesium Silver
1540,Marlboro White
1540,Mercedes Brilliant Silver
1540,Platinum Silver
1540,XP Dark Green Metallic
1984,Kokusai Kaihatsu UK Racing
1722,Azure Blue
1722,Blue
1722,Carbon Black
1722,Fire Black
1722,Graphite Grey
1722,Ice Silver
1722,McLaren Orange
1722,Mercury Red
1722,Pearl White
1722,Racing Green
1722,Sapphire Black
1722,Silver
1722,Supernova Silver
1722,Titanium Silver
1722,Volcano Orange
1722,Volcano Red
1722,White
2174,Aurora Blue
2174,Blue
2174,Carbon Black
2174,Fire Black
2174,Ice Silver
2174,Mantis Green
2174,McLaren Orange
2174,Pearl White
2174,Sapphire Black
2174,Silver
2174,Storm Grey
2174,Supernova Silver
2174,Tarocco Orange
2174,Titanium Silver
2174,Volcano Orange
2174,Volcano Red
2174,Volcano Yellow
2174,White
2182,--
2182,Variation
3360,--
3315,Noir de Noir
3315,Performance
3315,Ulterior Future
3335,NOIR DE NOIR
3335,PERFORMANCE
3335,ULTERIOR FUTURE
3257,-- [Blue]
3257,-- [Green]
3257,-- [Magma]
3257,-- [Orange]
3257,-- [Silver]
3257,-- [White]
3428,--
3441,CN.194 007/52
387,Blaugrau
387,Elfenbein
387,Feuerwehrrot
387,Graphitgrau
387,Hellblau
387,Perlmuttgrun
387,Schwarz
387,Weiß
387,Weißgrau
3557,--
3556,--
998,--
575,Blue Black
3397,--
1528,Crystal Galaxit Black
1528,Crystal Laurit Silver
3356,Almond Green
3356,Black
3356,Fiesta Yellow
3356,Old English White
3356,Smoke Grey
3356,Surf Blue
3356,Tartan Red
1370,Astro Black Metallic
1370,Black-Eye Purple Metallic
1370,British Racing Green Metallic
1370,Chilli Red
1370,Dark Silver Metallic
1370,Electric Blue Metallic
1370,Hyper Blue Metallic
1370,Jet Black
1370,Liquid Yellow
1370,Pepper White
1370,Pure Silver Metallic
1370,Solid Gold Metallic
2109,Chilli Red x Midnight Black metallic
2109,Cyber SIlver x Neon Orange x Reflector blue
2109,Cyber Silver x Radiant Green
2109,Cyber Silver x Radiant Orange
2109,Midnight Black metallic x Chilli Red
3384,Fiji Blue Metallic
3384,Galaxy White Pearl
3384,Grace Silver Metallic
3384,Kutani Red Pearl
3384,Lamp Black
3384,Passion Red
931,Dandelion Yellow
931,Monaco Red
931,Pyrenees Black Pearl
931,Queens Silver Pearl
931,Scotia White
301,Dandelion Yellow
301,Issel Blue Pearl
301,Palma Red
301,Pyrenees Black Pearl
301,Scotia White
301,Steel Silver Metallic
211,Dandelion Yellow
211,Palma Red
211,Pyrenees Black Pearl
211,Satellite Silver Metallic
211,Scotia White
1508,Passion Red
799,Cool Silver Metallic
799,Medium Purplish Gray Mica
799,Red Solid
799,White Solid
3424,Cool Silver Metallic
3424,Medium Purplish Gray Mica
3424,Red Solid
3424,White Pearl
2095,Diamond Gray
2095,Diamond Red
2095,Diamond White
2150,Lightning Blue Mica
2150,Phantom Black Pearl
2150,Red Metallic
2150,Titanium Grey Metallic
2150,White Pearl
2185,--
2185,Variation
3230,--
3258,-- [Blue]
3258,-- [Red]
3258,-- [Silver]
3301,Gran Turismo Silver
3301,Lighting Blue Mica
3301,Phantom Black Pearl
3301,Red Metallic
3301,Titanium Grey Metallic
3301,White Pearl
3520,Champion Blue
3520,Dark Grey Pearl
3520,Deep Marine Blue Pearl
3520,Lightning Yellow
3520,Midnight Purple Pearl
3520,Sonic Silver Metallic
3520,Super Clear Red II
3520,White
3429,Daytona Red
3429,Grand Prix Green
3429,Grand Prix Orange
3429,Grand Prix Red
3429,Grand Prix White
3429,Le Mans Yellow
3429,Monte Carlo Silver
3429,Safari Gold
837,Silver Metallic
837,White
48,Grand Prix Maroon
48,Grand Prix Red
48,Grand Prix White
836,Red
836,Silver Metallic
836,White
3493,Tomica
102,Blue Black
919,Bluish Silver Two-Tone
919,Cranberry Red
919,Lime Green Two-Tone
919,Velvet Blue
919,Warm White Two-Tone
709,Black Pearl
709,Dark Blue Pearl
709,Gun Gray Pearl
709,Red Pearl
709,Sensitive Silver
709,Super Red
709,White Pearl
709,Yellow Pearl
1461,Bluish Silver Two-Tone
1461,Cranberry Red
1461,Dark Green
1461,Lime Green Two-Tone
1461,Super Black
1461,Super Red
1461,Velvet Blue
1461,Warm White Two-Tone
3524,Gun Gray Metallic
954,--
773,Black Pearl
773,Crystal White
773,Gun Gray Metallic
773,Red Pearl Metallic
773,Spark Silver Metallic
3513,Bluish Silver
3513,Greenish Blue
3513,Pearl White
3513,Super Black
3513,Super Clear Red
24,Midnight Purple
24,Midnight Purple Pearl
24,Spark Silver Metallic
24,Super Black
24,Super Red
24,White
78,Clear Silver
78,Deep Marine Blue Pearl
78,Green Pearl
78,Pearl White
78,Super Black
78,Super Red
489,PENNZOIL Nismo
210,Bay Side Blue
210,Black Pearl
210,Millennium Jade
210,Silica Breath Metallic
210,Sparkling Silver Metallic
210,White
210,White Pearl
1448,Active Red
1448,Brilliant Blue(TPM)
1448,Lightning Yellow
1448,Pearl White
1448,Sparkling Silver Metallic
1448,Super Black
1384,Blade Silver
1384,Brilliant Silver
1384,Burning Red
1384,Dark Blue
1384,Diamond Black
1384,Monterey Blue
1384,Premium Passionate Orange
1384,White Pearl
1458,Blade Silver
1458,Brilliant Silver
1458,Brilliant White Pearl
1458,Diamond Black
1458,Premium LeMans Blue
1458,Premium Ultimate Yellow
1458,Titanium Gray
1458,Vibrant Red
1466,XANAVI NISMO
1905,N24 Schulze Motorsport
2127,--
2142,Carbon
2142,Dark Matte Gray Concept
2142,Energetic Orange
2142,Fire Knight
2142,Gun Metallic
2142,Ink Blue
2142,Night Shade
2142,Solar Yellow
2142,Storm White
2142,Ultimate Silver
2142,Vibrant Red
3350,MOTUL AUTECH T.MATSUDA
3350,MOTUL AUTECH R.QUINTARELLI
2167,Aurora Flare Blue Pearl
2167,Brilliant White Pearl
2167,Dark Metal Gray
2167,Meteor Flake Black Pearl
2167,Ultimate Metal Silver
2167,Ultimate Shiny Orange
2167,Vibrant Red
3345,Brilliant White Pearl
3345,Meteor Flake Black Pearl
3345,Ultimate Metal Silver
3345,Vibrant Red
3450,GT Movie
3450,--
3504,Black Diamond Metallic
3504,Boulder Gray
3504,Briliant Silver
3504,Everest White Pearl TriCoat
3504,Gun Metallic
3504,Ikazuchi Yellow Pearl TriCoat
3504,Passion Red TriCoat
3504,Rosewood Metallic
3504,Seiran Blue Metallic
3553,Brilliant White Pearl
3553,Dark Metal Grey
3553,Meteor Flake Black Pearl
3553,Midnight Purple
3553,Millennium Jade
3553,Ultimate Metal Silver
2161,-- [Aqua]
2161,-- [Blue]
2161,-- [Purple]
2161,-- [Red]
2161,-- [Silver]
3225,--
3241,--
3477,Black
3477,Blue
3477,Cyan
3477,Gold
3477,Gray
3477,Green
3477,Orange
3477,Orange
3477,Pink
3477,Red
3477,Silver
3477,White
3477,Yellow
1536,--
2050,Arancio Saint Tropez
2050,Arancio Saint Tropez Carbon two-tone ver.
2050,Azzurro Sardegna
2050,Azzurro Sardegna Carbon two-tone ver.
2050,Bianco Benny
2050,Bianco Benny Carbon two-tone ver.
2050,Blu Argentina
2050,Blu Argentina Carbon two-tone ver.
2050,Blu Midnight
2050,Blu Midnight Carbon two-tone ver.
2050,Bronzo Aymara
2050,Bronzo Aymara Carbon two-tone ver.
2050,Bronzo Chiaro
2050,Bronzo Chiaro Carbon two-tone ver.
2050,Crystal Clear Carbon
2050,Giallo Ginevra
2050,Giallo Ginevra Carbon two-tone ver.
2050,Giallo Helios
2050,Giallo Helios Carbon two-tone ver.
2050,Rosso Dubai
2050,Rosso Dubai Carbon two-tone ver.
2050,Rosso Monza
2050,Rosso Monza Carbon two-tone ver.
2050,Verde Firenze
2050,Verde Firenze Carbon two-tone ver.
105,--
3564,Blanc Meije
3564,Gris Futura
3564,Gris Graphite
3564,Noir
3564,Rouge Vallelunga
1646,Team Peugeot Total
3215,Blanc Banquise
3215,Blanc Perle nacré
3215,Coupe Franche
3215,Ice Silver
3215,Noir Perla Nera
3215,Orange Power
3215,Rouge Rubi
2113,BLACK #088
2113,BLUE #296
2113,FLASH #5221
2113,ICE #387
2113,RED #764
2113,WHITE #419
2176,Blanc Perle Nacré
2176,Noir Perla Nera
2176,Rouge Moroccan
3332,Ultra Glossy Blue Paint
3333,--
3183,--
3183,Variation
3238,--
3238,Variation
3242,--
3259,--
3303,Blue Hyperion
3303,China Blue
3303,Gran Turismo Silver
3303,Pearl White
3303,Perla Nera Black
3303,Rouge Moroccan
1900,--
665,Alpine White
665,Black Velvet
665,Blue Fire Metallic
665,Burnt Orange Metallic
665,Burnt Tan Metallic
665,Citron Gold Metallic
665,Citron Mist Metallic
665,Deep Burnt Orange Metallic
665,Frosted Teal Metallic
665,Ice Blue Metallic
665,In-Violet
665,Ivy Green Metallic
665,Jamaica Blue Metallic
665,Lemon Twist
665,Lime Green Metallic
665,Lime Light
665,Moulin Rouge
665,Rallye Red
665,Sahara Tan Metallic
665,Sandpebble Beige
665,Sassy Grass Green
665,Scorch Red
665,Silver Metallic
665,Sunfire Yellow
665,Tor-Red
665,Vitamin C
665,Walnut Metallic
665,Yellow Gold
3462,Antique Gold
3462,Burgundy
3462,Cameo White
3462,Carousel Red
3462,Champagne
3462,Crystal Turquoise
3462,Espresso Brown
3462,Liberty Blue
3462,Limelight Green
3462,Matador Red
3462,Mayfair Maize
3462,Midnight Green
3462,Palladium Silver
3462,Starlight Black
3462,Verdoro Green
3462,Warwick Blue
1985,Berkshire Green
1985,Black Special Edition
1985,Cameo White
1985,Cameo White Hood Bird
1985,Carmine
1985,Chesterfield Brown
1985,Chesterfield Brown Hood Bird
1985,Ember Mist
1985,Glacier Blue
1985,Laredo Brown
1985,Martinique Blue
1985,Martinique Blue Hood Bird
1985,Mayan Red
1985,Mayan Red Hood Bird
1985,Platinum
1985,Platinum Hood Bird
1985,Solar Gold
1985,Solar Gold Hood Bird
1985,Solar Gold Special Edition
1985,Starlight Black
1985,Starlight Black Hood Bird
1985,Sundance Yellow
1985,Sundance Yellow Hood Bird
3446,CN.550-0067
3365,Aquamarinblau Metallic Effekt
3365,Graphitgrau Metallic Effekt
3365,Lagogrun Metallic Effekt
3365,Polyanthrot
3365,Sahara Beige
3365,Schwarz
3365,Silbergrau Metallic Effekt
3375,Aquamarinblau Metallic Effekt
3375,Graphitgrau Metallic Effekt
3375,Lagogrun Metallic Effekt
3375,Polyanthrot
3375,Sahara Beige
3375,Schwarz
3375,Silbergrau Metallic Effekt
3490,Silver
3410,--
3509,Bahia Red
3509,Glacier Blue
3509,Grand Prix White / Blue
3509,Grand Prix White / Green
3509,Grand Prix White / Red
3509,Light Yellow
3509,Tangerine
3509,Viper Green
3385,Arrowblau
3385,Bambusbeige
3385,Burnusbraun
3385,Chiffonweiss
3385,Grandprixweiss
3385,Hellblau Metallic
3385,Indischrot
3385,Minervablau Metallic
3385,Minzgrun
3385,Moccaschwarz
3385,Moosgrün Metallic
3385,Palisander Metallic
3385,Pazifikblau Metallic
3385,Platin Metallic
3385,Schwarz
3385,Schwarz Metallic
3385,Silber Metallic
3385,Zinn Metallic
3519,Black
3519,Grand Prix White
3519,Graphite Metallic
3519,Guards Red
3519,Polar Silver
3519,Wine Red Metallic
3373,--
3431,Amethyst Metallic
3431,Grandprixweiss
3431,Indischrot
3431,Maritimblau
3431,Minzgrun
3431,Nachtblau Metallic
3431,Polar Silver
3431,Schwarz
3431,Signalgrun
3431,Speed Yellow
3431,Sternrubin
3404,Grandprixweiss
3404,Indischrot
3404,Polar Silver
3404,Riviera Blue
3404,Schwarz
3404,Speed Yellow
3439,Amarant Violett
3439,Arena Rot Metallic
3439,Aventura Grün Metallic
3439,Grandprixweiss
3439,Indischrot
3439,Iris Blue Metallic
3439,Nachtblau Metallic
3439,Polar Silver
3439,Riviera Blue
3439,Schiefer Metallic
3439,Schwarz
3439,Schwarz Metallic
3439,Speed Yellow
3400,Blue Metallic
3400,Red
3400,Silver
3400,White
3400,Yellow
3358,Arctic Silver Metallic
3358,Biarritz White
3358,Black
3358,Guards Red
3358,Iris Blue Metallic
3358,Rainforest Green Metallic
3358,Speed Yellow
3358,Zanzibar Red
3393,Basalt Black Metallic
3393,Black
3393,Fayence Yellow
3393,GT Silver Metallic
3393,Guards Red
3393,Seal Grey Metallic
3359,Aqua Blue Metallic
3359,Arctic Silver Metallic
3359,Basalt Black Metallic
3359,Black
3359,Carrara White
3359,Guards Red
3359,Macadamia Metallic
3359,Meteor Grey Metallic
3359,Speed Yellow
3459,Basalt Black Metallic
3459,Black
3459,Dark Blue Metallic
3459,GT Silver Metallic
3459,Guards Red
3459,Liquid Metal Chrome Blue
3459,Liquid Metal Silver
3459,Meteor Grey Metallic
3459,Racing Yellow
3459,Rhodium Silver Metallic
3459,Sapphire Blue Metallic
3459,White
3268,GT Silver Metallic
3268,Lava Orange
3268,Ultraviolet
3268,White
3488,Agate Gray Metallic
3488,Black
3488,Carmine Red
3488,Carrara White Metallic
3488,Dark Blue Metallic
3488,GT Silver Metallic
3488,Guards Red
3488,Jet Black Metallic
3488,Racing Yellow
3488,Rhodium Silver Metallic
3488,Sapphire Blue Metallic
3488,White
3313,No.1
3313,No.2
3310,--
3311,--
3311,Variation
3390,Carrara Weiß Metallic
3390,Dolomit Silber Metallic
3390,Enzian Blau Metallic
3390,Frozen Blue Metallic
3390,Karminrot
3390,Mamba Grün Metallic
3390,Schwarz
3390,Tief schwarzes Metallic
3390,Vulkan Grau Metallic
3390,Weiß
3558,Agate Gray Metallic
3558,Aventurine Green Metallic
3558,Black
3558,Carmine Red
3558,Carrara White Metallic
3558,Chalk
3558,Dolomite Silver Metallic
3558,Gentian Blue Metallic
3558,GT Silver Metallic
3558,Guards Red
3558,Jet Black Metallic
3558,Lava Orange
3558,Night Blue Metallic
3558,Python Green
3558,Racing Yellow
3558,White
3478,Chestnut Matt
3478,Eisgraumetallic Matt
3478,Le Bleu Gloss
3478,Technoblau Matt
3507,Chestnut Matt
3507,Eisgraumetallic Matt
3507,Le Bleu Gloss
3507,Technoblau Matt
3539,Arctic Grey
3539,Black
3539,GT Silver Metallic
3539,Guards Red
3539,Ice Grey Metallic
3539,Racing Yellow
3539,Shark Blue
3539,White
3452,Aetna Blau
3452,Aventurin Green
3452,Carbon Fibre / Black Uni
3452,Carbon Fibre / Vulkangrau Semigloss
3452,Gran Prix White / GT Silver Metallic
3452,Gran Prix White / Metallic Green
3452,Grand Prix White / Metallic Blue
3452,Grand Prix White / Metallic Red
3452,Indisch Rot
3452,Metallic Blue
3452,Metallic Green
3452,Metallic Red
3452,Mode Grau
3560,Rocket Metallic
3369,Brilliant White
3369,Cobra Blue
3369,Flame Red
3369,Gulf Blue
3369,Merlin Blue
3369,Rosso Red
3369,Speed Green
3369,Spice Yellow
3369,Stealth Black
3369,Tangerine
3369,Team Green
3369,Team Grey
1431,--
1986,--
173,Bleu Olympe
173,Rouge Grenade
3547,Blanc Panda
3547,Bleu Versailles
3547,Grége
3547,Gris
3547,Rouge
3547,Turquoise
334,Bleu Iliade
334,Gris Iceberg
334,Nocturne
334,Noir Nacré
334,Mad Blue
334,Mars Red
1563,--
1987,Blanc Glacier
1987,Gris Cassiopée
1987,Jaune Sirius 2
1987,Noir Étoilé
3220,Blanc Glacier
3220,Deep Black
3220,Flame Red
3220,Frost White
3220,Liquid Yellow
3216,--
2188,--
2188,Variation
3353,Blanc Givre Nacre
3353,Blanc Glacier
3353,Deep Black
3353,Flame Red
3353,Gris Platine
3353,Liquid Yellow
3183,--
3183,Variation
3238,--
3238,Variation
3242,--
3259,--
3303,Blue Hyperion
3303,China Blue
3303,Gran Turismo Silver
3303,Pearl White
3303,Perla Nera Black
3303,Rouge Moroccan
3426,--
3398,Acid Blue
3398,Aubergine
3398,Birch Green / Light Green
3398,Black
3398,Blood Orange / Blutorange
3398,Blossom Yellow / Blütengelb
3398,Grandprix White
3398,Gulfblau
3398,India Red
3398,Jade Green
3398,Light Yellow
3398,Magenta / Karminrot
3398,Mexico Blue
3398,Orange
3398,Saharabeige
3398,Silver / Silber
3398,Strawberry / Fraise
3398,Yellow Green / Gelbgrün
3468,Acid Blue
3468,Aubergine
3468,Birch Green / Light Green
3468,Black
3468,Blood Orange / Blutorange
3468,Blossom Yellow / Blütengelb
3468,Grandprix White
3468,Gulfblau
3468,India Red
3468,Jade Green
3468,Light Yellow
3468,Magenta / Karminrot
3468,Mexico Blue
3468,Orange
3468,Saharabeige
3468,Silver / Silber
3468,Strawberry / Fraise
3468,Yellow Green / Gelbgrün
1926,--
1925,Wimbledon White / Bodyside Stripes
315,Charcoal
315,Guardsman Blue Poly
315,Ivy Green
315,Maroon
315,Red
315,Silver
315,Wimbledon White
451,Sonic Blue Mica
3550,--
379,Arctic Silver Metallic
379,Cool Gray Metallic
379,Gran Blue Mica
379,Pure White
3432,Crystal Gray Metallic
3432,Obsidian Black Pearl
3432,Premium Silver Metallic
3432,Pure White
3432,WR Blue Mica
2099,Black X Orange Special
2099,Crystal White Pearl
2099,Fire Opal Orange Pearl
2099,Titanium Solid Silver
2099,Tungsten Black Pearl
2099,Ultimate Metallic Special
2099,WR Blue Pearl
2153,Crystal Black Silica
2153,Crystal White Pearl
2153,Dark Grey Metallic
2153,Ice Silver Metallic
2153,Pure Red
2153,WR Blue Pearl
3354,Crystal Black Silica
3354,Crystal White Pearl
3354,Dark Gray Metallic
3354,Ice Silver Metallic
3354,Lapis Blue Pearl
3354,Pure Red
3354,WR Blue Pearl
3297,--
3339,Falken Tire / Turn 14 Distribution
3413,Crystal Black Silica
3413,Crystal White Pearl
3413,Dark Grey Metallic
3413,Ice Silver Metallic
3413,Lapis Blue Pearl
3413,Pure Red
3413,WR Blue Pearl
3474,R&D SPORT
3506,Crystal Black Silica
3506,Crystal White Pearl
3506,Ice Silver Metallic
3506,Ignition Red
3506,Magnetite Gray Metallic
3506,Sapphire Blue Pearl
3506,WR Blue Pearl
2186,--
2186,Variation
3232,--
3261,--
3304,Crystal Black Silica
3304,Crystal White Pearl
3304,Dark Grey Metallic
3304,Gran turismo Silver
3304,Ice Silver Metallic
3304,Pure Red
3304,Sunrise Yellow
3304,WR Blue Pearl
3372,--
3371,--
3528,--
3529,--
779,Cordoba Red
779,Satellite Silver Metallic
808,--
1385,Azure Gray Pearl Metallic
1385,Bluish Black Pearl 3
1385,Champion Yellow 4
1385,Pearl White
1385,Silky Silver Metallic
1385,Supreme Red Pearl 2
3456,Burning Red Pearl Metallic
3456,Champion Yellow
3456,Premium Silver Metallic
3456,Pure White Pearl
3456,Speedy Blue Metallic
3456,Super Black Pearl
3545,Bluish Black Pearl 3
3545,Brisk Blue Metallic
3545,Brisk Blue Metallic 2tone Roof
3545,Chiffon Ivory Metallic
3545,Chiffon Ivory Metallic 2tone Roof
3545,Jungle Green
3545,Kinetic Yellow
3545,Kinetic Yellow Black 2tone Roof
3545,Kinetic Yellow Black Top 2tone
3545,Medium Gray
3545,Pure White Pearl
3545,Silky Silver Metallic
3559,Bluish Black Pearl 3
3559,Brisk Blue Metallic Black 2tone Roof
3559,Brisk Blue Metallic
3559,Chiffon Ivory Metallic Black 2tone Roof
3559,Chiffon Ivory Metallic
3559,Jungle Green
3559,Kinetic Yellow Black 2tone Roof
3559,Kinetic Yellow
3559,Medium Gray
3559,Pure White Pearl
3559,Silky Silver Metallic
3476,Burning Red Pearl Metallic
3476,Champion Yellow
3476,Flame Orange Pearl Metallic
3476,Premium Silver Metallic
3476,Pure White Pearl
3476,Speedy Blue Metallic
3476,Super Black Pearl
3508,-- [Black]
3508,-- [Blue/Red]
3508,-- [Blue/Yellow]
3508,-- [Red]
3508,-- [Yellow]
3480,-- [Black]
3480,-- [Blue]
3480,-- [Red]
3480,-- [Silver]
3480,-- [White]
3480,-- [Yellow]
1896,Metallic Blue
1896,Metallic Brown
1896,Metallic Green
1896,Metallic Grey
1896,Metallic Silver
1896,Solid Black
1896,Solid White
1896,Tesla Multi-coat Pearl White
1896,Tesla Multi-coat Red
3540,Deep Blue Metallic
3540,Midnight Silver Metallic
3540,Pearl White Multi-Coat
3540,Red Multi-Coat
3540,Solid Black
1044,Amethyst Silver Metallic
1044,Seminole Red
604,Black
604,Gold
604,Pegasus White
604,Red
604,Silver Metallic
604,Solar Red
604,Thunder Silver
604,White
63,High Flash Two-Tone
63,High Metal Two-Tone
63,High Tech Two-Tone
810,High Flash Two-Tone
810,High Metal Two-Tone
810,High Tech Two-Tone
843,Black
3471,Black
3471,Silver Metallic
3471,Super Bright Yellow
3471,Super Red IV
3471,Super White II
781,Toyota Castrol Team
82,Black
82,Blue Mica Metallic
82,Grayish Green Mica Metallic
82,Silver Metallic Graphite
82,Super Red IV
82,Super White II
207,Beige Mica Metallic
207,Black
207,Dark Purple Mica
207,Orange Mica Metallic
207,Super Red II
207,Super White II
1470,Castrol TOM'S
116,--
345,High Tech Two-Tone
1537,Aqua Blue Metallic
1537,Black
1537,Dark Blue Mica
1537,Iceberg Silver Mica Metallic
1537,Red Mica Metallic
1537,Silver Metallic
1537,Super White II
1537,White Pearl Crystal Shine
2026,Black Mica
2026,Blue Metallic
2026,Citrus Orange Mica Metallic
2026,Cool Soda Metallic
2026,Grey Metallic
2026,Lime White Pearl Crystal Shine
2026,Silver Metallic
2026,Super Red V
2026,Super White II
2026,Yellow
2101,--
3401,Black
3401,Dark Red Mica Metallic
3401,Precious Black Pearl
3401,Precious Silver
3401,Silver Metallic
3401,White Pearl Crystal Shine
2080,Black
2080,Bright Silver
2080,Deep Blue Metallic
2080,Gray Metallic
2080,Mint Gray
2080,Orange
2080,Red
2080,White
2080,Yellow
2106,Matte Black / Carbon
2106,Matte Black / Red
2106,Red / Carbon
2106,Red / Red
2106,Silver / Carbon
2106,Silver / Red
2144,--
2154,Azurite Blue
2154,Crystal Black Silica
2154,Crystal White Pearl
2154,Dark Gray Metallic
2154,Ice Silver Metallic
2154,Orange Metallic
2154,Pure Red
2178,--
3222,White Pearl Crystal Shine
3295,Azurite Blue
3295,Crystal Black Silica
3295,Crystal White Pearl
3295,Dark Gray Metallic
3295,Ice Silver Metallic
3295,Orange Metallic
3295,Pure Red
3312,No.5
3312,No.6
3554,Black Mica
3554,Dark Blue Mica Metallic
3554,Light Yellow
3554,Silver Mica Metallic
3554,White
3352,--
3352,Variation
3494,Black
3494,Graphite Metallic
3494,Luxury White Pearl
3494,Steel Blonde Metallic
3494,White Pearl Crystal Shine
3565,Black / Metal Stream Metallic
3565,Black / Sensual Red Mica
3565,Black / White Pearl Crystal Shine
3565,Black / Yellow
3565,Black Mica
3565,Dark Brown Mica Metallic
3565,Metal Stream Metallic
3565,Nebula Blue Metallic
3565,Radiant Green Metallic
3565,Sensual Red Mica
3565,White / Black Mica
3565,White / Dark Brown Mica Metallic
3565,White / Nebula Blue Metallic
3565,White / Radiant Green Metallic
3565,White Pearl Crystal Shine
3565,Yellow
3367,Black Metallic
3367,Deep Blue Metallic
3367,Ice Gray Metallic
3367,Lightning Yellow
3367,Matte Storm Gray Metallic
3367,Prominence Red
3367,Silver Metallic
3367,White Metallic
3368,Midnight Black Metallic
3368,Super White
3368,Voodoo Blue
3399,Nürburgring 24 Hours Race 2019 Livery
3418,Black Metallic
3418,Deep Blue Metallic
3418,Horizon Blue
3418,Ice Grey Metallic
3418,Lightning Yellow
3418,Matte Storm Grey Metallic
3418,Prominence Red
3418,Silver Metallic
3418,White Metallic
3451,Emotional Red II
3451,Platinum White Pearl Mica
3451,Precious Black Pearl
3451,Super White II
3481,Bright Blue
3481,Crystal Black Silica
3481,Crystal White Pearl
3481,Ice Silver Metallic
3481,Magnetite Gray Metallic
3481,Sapphire Blue
3481,Spark Red
3499,No. 7
3499,No. 8
3499,No. 8 2023
3534,--
3535,Smoke
3535,Wind Chill Pearl
2187,--
3262,--
3262,TGR GT CUP 2023
3265,--
3408,--
187,Alpine Green Metallic
187,Ash Green Metallic
187,Blue Pearlescent
187,Chameleon Blue
187,Chameleon Orange
187,Cooper Green Metallic
187,Cosmos Blue Metallic
187,Crystal Topaz Pearlescent
187,Flip Flop Yellow
187,Formula Red Pearl
187,Iced Teal Metallic
187,Moonraker Black Metallic
187,Olympic Blue Pearl
187,Pathfinder Blue Pearlescent
187,Reflex Purple
187,Reflex Spice
187,Rosso Pearlescent
187,Silver Stardust Metallic
187,Starmist Blue
187,Starmist Crimson
187,Sunset Pearlescent
187,Titanium Metallic
1671,-- [Blue]
1671,-- [Gray]
1671,-- [Dark green]
1671,-- [Green]
1671,-- [Red/black]
1671,-- [Red/white]
1671,-- [Turquoise]
1671,-- [Yellow]
1778,Bahama Blue
1778,Black
1778,Fontana Gray
1778,Java Green
1778,Pearl White
1778,Ruby Red
1778,Sea Blue
1778,Sea Sand
1778,Yukon Yellow
3403,Alpine White
3403,Atlas Grey Metallic
3403,Black
3403,Diamond Silver Metallic
3403,Helios Blue Metallic
3403,Lhasa Green Metallic
3403,Mars Red
1773,Pure White
1773,Rising Blue Metallic
2098,Gran Turismo Red
2098,Habanero Orange
2098,Lapiz Blue
2098,Oryx White
2098,Reflex Silver
2141,Deep Black Perleffekt
2141,Night Blue Metallic
2141,Oryx White
2141,Pacific Blue
2141,Pure White
2141,Reflex Silver Metallic
2141,Sunset Red Metallic
2141,Tornado Red
2141,Tungsten Silver Metallic
2141,Uranus Grey
2155,Deep Black Pearl
2155,Flashrot Uni
2155,Pure White Uni
2155,Reflex Silver Metallic
2155,Schwarz Uni
2124,Gran Turismo Red
2124,Lapiz Blue
2124,Oryx White
2124,Reflex Silver
3305,--
3305,Variation
3511,--
2192,--
3231,-- [Black]
3231,-- [Blue]
3231,-- [Gray]
3231,-- [Green]
3231,-- [Orange]
3231,-- [White]
3549,Beige Metallic
3549,Blue
3549,Blue Metallic
3549,Dark Blue
3549,Light Blue Metallic
3549,Red
3549,Ruby Red Metallic
3549,White
3482,Balck Sapphire Metallic
3482,Caspian Blue Metallic
3482,Electric Silver Metallic
3482,Ice White
3482,Passion Red
3482,Rebel Blue
3482,Titanium Grey Metallic
3423,--
2122,Emerald
2122,Gray Bullet
2122,Lanvin Blue
2122,Off White
2122,Red
3542,-- [Green]
3542,-- [White]
